,RunId,iteration,Step,height,width,density,minority_pc,preference,happy,avg_utility_type0,avg_utility_type1
0,0,0,0,70,60,0.35,0.0,0.0,0,0.0,0.0
1,0,0,120,70,60,0.35,0.0,0.0,1013,0.0004535147392290249,0.0
2,1,0,0,70,60,0.35,0.0,0.3333333333333333,0,0.0,0.0
3,1,0,120,70,60,0.35,0.0,0.3333333333333333,721,0.0005744520030234317,0.0
4,3,0,0,70,60,0.35,0.0,1.0,0,0.0,0.0
5,3,0,120,70,60,0.35,0.0,1.0,598,-0.00013512254216755195,0.0
6,2,0,0,70,60,0.35,0.0,0.6666666666666666,0,0.0,0.0
7,2,0,120,70,60,0.35,0.0,0.6666666666666666,569,0.00031368102796674227,0.0
8,5,0,0,70,60,0.35,0.1,0.3333333333333333,0,0.0,0.0
9,5,0,120,70,60,0.35,0.1,0.3333333333333333,520,0.0007054673721340388,-0.0016773832820799553
10,4,0,0,70,60,0.35,0.1,0.0,0,0.0,0.0
11,4,0,120,70,60,0.35,0.1,0.0,591,0.0003779289493575208,-0.0005668934240362812
12,6,0,0,70,60,0.35,0.1,0.6666666666666666,0,0.0,0.0
13,6,0,120,70,60,0.35,0.1,0.6666666666666666,523,0.0003653313177122701,-0.0002510897814224624
14,7,0,0,70,60,0.35,0.1,1.0,0,0.0,0.0
15,7,0,120,70,60,0.35,0.1,1.0,602,0.00042831947593852354,-0.000792097660982201
16,8,0,0,70,60,0.35,0.2,0.0,0,0.0,0.0
17,8,0,120,70,60,0.35,0.2,0.0,29,0.00024801587301587306,-0.0001417233560090703
18,9,0,0,70,60,0.35,0.2,0.3333333333333333,0,0.0,0.0
19,9,0,120,70,60,0.35,0.2,0.3333333333333333,423,-9.707079178703445e-06,-0.000451702751115667
20,10,0,0,70,60,0.35,0.2,0.6666666666666666,0,0.0,0.0
21,10,0,120,70,60,0.35,0.2,0.6666666666666666,478,-0.00012780987585292867,9.448223733938014e-05
22,11,0,0,70,60,0.35,0.2,1.0,0,0.0,0.0
23,11,0,120,70,60,0.35,0.2,1.0,599,0.0003968253968253968,0.0022675736961451248
24,13,0,0,70,60,0.35,0.30000000000000004,0.3333333333333333,0,0.0,0.0
25,13,0,120,70,60,0.35,0.30000000000000004,0.3333333333333333,338,-7.50680789819733e-05,-0.0004072658997642689
26,12,0,0,70,60,0.35,0.30000000000000004,0.0,0,0.0,0.0
27,12,0,120,70,60,0.35,0.30000000000000004,0.0,11,0.00016196954972465177,-0.00028344671201814054
28,14,0,0,70,60,0.35,0.30000000000000004,0.6666666666666666,0,0.0,0.0
29,14,0,120,70,60,0.35,0.30000000000000004,0.6666666666666666,429,9.448223733938019e-05,-0.00023814700918419114
30,15,0,0,70,60,0.35,0.30000000000000004,1.0,0,0.0,0.0
31,15,0,120,70,60,0.35,0.30000000000000004,1.0,606,-0.0002396261831542793,-0.0008076289876681264
32,16,0,0,70,60,0.35,0.4,0.0,0,0.0,0.0
33,16,0,120,70,60,0.35,0.4,0.0,8,4.724111866969009e-05,-0.0001417233560090703
34,17,0,0,70,60,0.35,0.4,0.3333333333333333,0,0.0,0.0
35,17,0,120,70,60,0.35,0.4,0.3333333333333333,154,0.0002582514487276392,6.341958396752918e-05
36,18,0,0,70,60,0.35,0.4,0.6666666666666666,0,0.0,0.0
37,18,0,120,70,60,0.35,0.4,0.6666666666666666,420,0.0007999496094734189,-7.765663342962783e-06
38,19,0,0,70,60,0.35,0.4,1.0,0,0.0,0.0
39,19,0,120,70,60,0.35,0.4,1.0,603,-0.0001397819401733296,-9.318796011555306e-05
40,20,0,0,70,60,0.35,0.5,0.0,0,0.0,0.0
41,20,0,120,70,60,0.35,0.5,0.0,4,5.6689342403628114e-05,0.0002834467120181406
42,21,0,0,70,60,0.35,0.5,0.3333333333333333,0,0.0,0.0
43,21,0,120,70,60,0.35,0.5,0.3333333333333333,68,-0.00014029965106286045,-2.795638803466592e-05
44,22,0,0,70,60,0.35,0.5,0.6666666666666666,0,0.0,0.0
45,22,0,120,70,60,0.35,0.5,0.6666666666666666,417,-9.991820167945412e-05,0.0008654572940287225
46,23,0,0,70,60,0.35,0.5,1.0,0,0.0,0.0
47,23,0,120,70,60,0.35,0.5,1.0,606,-8.386916410399776e-05,-0.00035411424843910164
48,24,1,0,70,60,0.35,0.0,0.0,0,0.0,0.0
49,24,1,120,70,60,0.35,0.0,0.0,1025,5.6689342403628114e-05,0.0
50,25,1,0,70,60,0.35,0.0,0.3333333333333333,0,0.0,0.0
51,25,1,120,70,60,0.35,0.0,0.3333333333333333,701,0.0003703703703703704,0.0
52,26,1,0,70,60,0.35,0.0,0.6666666666666666,0,0.0,0.0
53,26,1,120,70,60,0.35,0.0,0.6666666666666666,572,4.1675726607233484e-05,0.0
54,27,1,0,70,60,0.35,0.0,1.0,0,0.0,0.0
55,27,1,120,70,60,0.35,0.0,1.0,615,0.0003854875283446712,0.0
56,28,1,0,70,60,0.35,0.1,0.0,0,0.0,0.0
57,28,1,120,70,60,0.35,0.1,0.0,421,0.00022045855379188714,-0.0005668934240362812
58,29,1,0,70,60,0.35,0.1,0.3333333333333333,0,0.0,0.0
59,29,1,120,70,60,0.35,0.1,0.3333333333333333,550,7.593093046452474e-05,-0.0018508164300727902
60,30,1,0,70,60,0.35,0.1,0.6666666666666666,0,0.0,0.0
61,30,1,120,70,60,0.35,0.1,0.6666666666666666,511,1.4093240881673151e-05,0.000491307634164777
62,31,1,0,70,60,0.35,0.1,1.0,0,0.0,0.0
63,31,1,120,70,60,0.35,0.1,1.0,589,-0.0001449590490686381,0.002494331065759637
64,32,1,0,70,60,0.35,0.2,0.0,0,0.0,0.0
65,32,1,120,70,60,0.35,0.2,0.0,42,0.00031887755102040814,-0.0008503401360544217
66,33,1,0,70,60,0.35,0.2,0.3333333333333333,0,0.0,0.0
67,33,1,120,70,60,0.35,0.2,0.3333333333333333,428,6.536099980326988e-05,-0.0001700680272108845
68,35,1,0,70,60,0.35,0.2,1.0,0,0.0,0.0
69,35,1,120,70,60,0.35,0.2,1.0,592,0.0005385487528344671,0.0015873015873015873
70,34,1,0,70,60,0.35,0.2,0.6666666666666666,0,0.0,0.0
71,34,1,120,70,60,0.35,0.2,0.6666666666666666,504,-8.121589579515215e-05,-0.0008891684527692355
72,37,1,0,70,60,0.35,0.30000000000000004,0.3333333333333333,0,0.0,0.0
73,37,1,120,70,60,0.35,0.30000000000000004,0.3333333333333333,299,-8.246394883241402e-05,-0.00023900986066674256
74,36,1,0,70,60,0.35,0.30000000000000004,0.0,0,0.0,0.0
75,36,1,120,70,60,0.35,0.30000000000000004,0.0,14,0.00024295432458697764,-9.448223733938019e-05
76,39,1,0,70,60,0.35,0.30000000000000004,1.0,0,0.0,0.0
77,39,1,120,70,60,0.35,0.30000000000000004,1.0,604,-0.0001397819401733296,-0.0004038144938340632
78,38,1,0,70,60,0.35,0.30000000000000004,0.6666666666666666,0,0.0,0.0
79,38,1,120,70,60,0.35,0.30000000000000004,0.6666666666666666,462,-6.249510023622408e-05,-0.00010397360364744577
80,40,1,0,70,60,0.35,0.4,0.0,0,0.0,0.0
81,40,1,120,70,60,0.35,0.4,0.0,8,0.0001417233560090703,-0.00021258503401360543
82,41,1,0,70,60,0.35,0.4,0.3333333333333333,0,0.0,0.0
83,41,1,120,70,60,0.35,0.4,0.3333333333333333,179,0.0010644998740236835,0.00042517006802721087
84,43,1,0,70,60,0.35,0.4,1.0,0,0.0,0.0
85,43,1,120,70,60,0.35,0.4,1.0,592,0.000944822373393802,-9.318796011555306e-05
86,42,1,0,70,60,0.35,0.4,0.6666666666666666,0,0.0,0.0
87,42,1,120,70,60,0.35,0.4,0.6666666666666666,421,0.0008566389518770471,-0.0003960488304911005
88,44,1,0,70,60,0.35,0.5,0.0,0,0.0,0.0
89,44,1,120,70,60,0.35,0.5,0.0,9,-0.0003401360544217687,0.00022675736961451246
90,45,1,0,70,60,0.35,0.5,0.3333333333333333,0,0.0,0.0
91,45,1,120,70,60,0.35,0.5,0.3333333333333333,140,0.00011027241947007112,-3.365120781950527e-05
92,46,1,0,70,60,0.35,0.5,0.6666666666666666,0,0.0,0.0
93,46,1,120,70,60,0.35,0.5,0.6666666666666666,417,0.00035903250188964466,0.00013227513227513226
94,47,1,0,70,60,0.35,0.5,1.0,0,0.0,0.0
95,47,1,120,70,60,0.35,0.5,1.0,595,0.0005895691609977325,0.0004535147392290249
96,48,2,0,70,60,0.35,0.0,0.0,0,0.0,0.0
97,48,2,120,70,60,0.35,0.0,0.0,1089,0.0001984126984126984,0.0
98,49,2,0,70,60,0.35,0.0,0.3333333333333333,0,0.0,0.0
99,49,2,120,70,60,0.35,0.0,0.3333333333333333,718,0.0006349206349206349,0.0
100,50,2,0,70,60,0.35,0.0,0.6666666666666666,0,0.0,0.0
101,50,2,120,70,60,0.35,0.0,0.6666666666666666,551,0.0004497354497354497,0.0
102,51,2,0,70,60,0.35,0.0,1.0,0,0.0,0.0
103,51,2,120,70,60,0.35,0.0,1.0,607,0.0005215419501133787,0.0
104,52,2,0,70,60,0.35,0.1,0.0,0,0.0,0.0
105,52,2,120,70,60,0.35,0.1,0.0,434,9.44822373393802e-05,-0.0017006802721088435
106,53,2,0,70,60,0.35,0.1,0.3333333333333333,0,0.0,0.0
107,53,2,120,70,60,0.35,0.1,0.3333333333333333,584,0.0005416981607457798,-0.0008645771855165203
108,54,2,0,70,60,0.35,0.1,0.6666666666666666,0,0.0,0.0
109,54,2,120,70,60,0.35,0.1,0.6666666666666666,502,0.0005710926345846981,0.000982615268329554
110,55,2,0,70,60,0.35,0.1,1.0,0,0.0,0.0
111,55,2,120,70,60,0.35,0.1,1.0,597,-0.00021743857360295715,0.0031746031746031746
112,57,2,0,70,60,0.35,0.2,0.3333333333333333,0,0.0,0.0
113,57,2,120,70,60,0.35,0.2,0.3333333333333333,412,0.00011337868480725623,-0.0006561985524803529
114,56,2,0,70,60,0.35,0.2,0.0,0,0.0,0.0
115,56,2,120,70,60,0.35,0.2,0.0,36,0.00010629251700680272,-0.0007086167800453515
116,58,2,0,70,60,0.35,0.2,0.6666666666666666,0,0.0,0.0
117,58,2,120,70,60,0.35,0.2,0.6666666666666666,483,0.0006401171579743008,-0.0003248635831806086
118,59,2,0,70,60,0.35,0.2,1.0,0,0.0,0.0
119,59,2,120,70,60,0.35,0.2,1.0,604,0.0006235827664399093,-0.00037275184046221225
120,60,2,0,70,60,0.35,0.30000000000000004,0.0,0,0.0,0.0
121,60,2,120,70,60,0.35,0.30000000000000004,0.0,5,8.098477486232588e-05,-9.448223733938019e-05
122,61,2,0,70,60,0.35,0.30000000000000004,0.3333333333333333,0,0.0,0.0
123,61,2,120,70,60,0.35,0.30000000000000004,0.3333333333333333,347,-7.765663342962742e-06,0.00032753842277651794
124,63,2,0,70,60,0.35,0.30000000000000004,1.0,0,0.0,0.0
125,63,2,120,70,60,0.35,0.30000000000000004,1.0,586,0.0008098477486232589,-0.0001863759202311061
126,62,2,0,70,60,0.35,0.30000000000000004,0.6666666666666666,0,0.0,0.0
127,62,2,120,70,60,0.35,0.30000000000000004,0.6666666666666666,442,0.0006991685563114135,0.00036533131771227006
128,64,2,0,70,60,0.35,0.4,0.0,0,0.0,0.0
129,64,2,120,70,60,0.35,0.4,0.0,5,9.448223733938019e-05,-0.0002834467120181406
130,65,2,0,70,60,0.35,0.4,0.3333333333333333,0,0.0,0.0
131,65,2,120,70,60,0.35,0.4,0.3333333333333333,134,0.00010078105316200553,-0.00027373963283943716
132,66,2,0,70,60,0.35,0.4,0.6666666666666666,0,0.0,0.0
133,66,2,120,70,60,0.35,0.4,0.6666666666666666,409,3.170979198376459e-05,-0.00016275536089626106
134,67,2,0,70,60,0.35,0.4,1.0,0,0.0,0.0
135,67,2,120,70,60,0.35,0.4,1.0,587,-0.00023296990028888267,-0.00018637592023110612
136,68,2,0,70,60,0.35,0.5,0.0,0,0.0,0.0
137,68,2,120,70,60,0.35,0.5,0.0,4,-0.00017006802721088434,-0.0003401360544217687
138,69,2,0,70,60,0.35,0.5,0.3333333333333333,0,0.0,0.0
139,69,2,120,70,60,0.35,0.5,0.3333333333333333,97,-0.000242288696300438,7.558578987150416e-05
140,70,2,0,70,60,0.35,0.5,0.6666666666666666,0,0.0,0.0
141,70,2,120,70,60,0.35,0.5,0.6666666666666666,355,-7.972747698775095e-05,-6.833783741807224e-05
142,71,2,0,70,60,0.35,0.5,1.0,0,0.0,0.0
143,71,2,120,70,60,0.35,0.5,1.0,614,-0.0001304631441617743,0.0007256235827664399
144,72,3,0,70,60,0.35,0.0,0.0,0,0.0,0.0
145,72,3,120,70,60,0.35,0.0,0.0,958,0.0006235827664399093,0.0
146,73,3,0,70,60,0.35,0.0,0.3333333333333333,0,0.0,0.0
147,73,3,120,70,60,0.35,0.0,0.3333333333333333,663,0.0005820105820105821,0.0
148,74,3,0,70,60,0.35,0.0,0.6666666666666666,0,0.0,0.0
149,74,3,120,70,60,0.35,0.0,0.6666666666666666,577,0.0005593348450491307,0.0
150,75,3,0,70,60,0.35,0.0,1.0,0,0.0,0.0
151,75,3,120,70,60,0.35,0.0,1.0,598,0.0004535147392290249,0.0
152,76,3,0,70,60,0.35,0.1,0.0,0,0.0,0.0
153,76,3,120,70,60,0.35,0.1,0.0,659,0.00022045855379188714,-0.0005668934240362812
154,77,3,0,70,60,0.35,0.1,0.3333333333333333,0,0.0,0.0
155,77,3,120,70,60,0.35,0.1,0.3333333333333333,526,3.911593387566426e-05,-0.0010354217790617007
156,78,3,0,70,60,0.35,0.1,0.6666666666666666,0,0.0,0.0
157,78,3,120,70,60,0.35,0.1,0.6666666666666666,530,-1.6825603909752632e-05,-0.0009383509872746665
158,79,3,0,70,60,0.35,0.1,1.0,0,0.0,0.0
159,79,3,120,70,60,0.35,0.1,1.0,598,0.00040312421264802217,0.003854875283446712
160,81,3,0,70,60,0.35,0.2,0.3333333333333333,0,0.0,0.0
161,81,3,120,70,60,0.35,0.2,0.3333333333333333,378,0.0007133408919123205,-0.0005099452261878877
162,80,3,0,70,60,0.35,0.2,0.0,0,0.0,0.0
163,80,3,120,70,60,0.35,0.2,0.0,43,0.00010629251700680272,-0.0005668934240362812
164,83,3,0,70,60,0.35,0.2,1.0,0,0.0,0.0
165,83,3,120,70,60,0.35,0.2,1.0,599,-0.0003086851178827696,-0.0011881464914733017
166,82,3,0,70,60,0.35,0.2,0.6666666666666666,0,0.0,0.0
167,82,3,120,70,60,0.35,0.2,0.6666666666666666,485,0.0007369614512471656,0.00026455026455026457
168,84,3,0,70,60,0.35,0.30000000000000004,0.0,0,0.0,0.0
169,84,3,120,70,60,0.35,0.30000000000000004,0.0,11,4.049238743116294e-05,-0.00047241118669690094
170,85,3,0,70,60,0.35,0.30000000000000004,0.3333333333333333,0,0.0,0.0
171,85,3,120,70,60,0.35,0.30000000000000004,0.3333333333333333,349,0.0007774538386783285,0.0002645502645502645
172,87,3,0,70,60,0.35,0.30000000000000004,1.0,0,0.0,0.0
173,87,3,120,70,60,0.35,0.30000000000000004,1.0,604,-0.00017306335450031283,-9.318796011555305e-05
174,86,3,0,70,60,0.35,0.30000000000000004,0.6666666666666666,0,0.0,0.0
175,86,3,120,70,60,0.35,0.30000000000000004,0.6666666666666666,430,0.0008854335384947629,-0.0003723204147209365
176,88,3,0,70,60,0.35,0.4,0.0,0,0.0,0.0
177,88,3,120,70,60,0.35,0.4,0.0,8,0.00018896447467876037,-0.0001417233560090703
178,89,3,0,70,60,0.35,0.4,0.3333333333333333,0,0.0,0.0
179,89,3,120,70,60,0.35,0.4,0.3333333333333333,158,0.00013227513227513226,-0.00019478872218598245
180,91,3,0,70,60,0.35,0.4,1.0,0,0.0,0.0
181,91,3,120,70,60,0.35,0.4,1.0,598,0.0,-0.0001048364551299972
182,90,3,0,70,60,0.35,0.4,0.6666666666666666,0,0.0,0.0
183,90,3,120,70,60,0.35,0.4,0.6666666666666666,415,0.0008692365835222978,-0.00014722403421033557
184,92,3,0,70,60,0.35,0.5,0.0,0,0.0,0.0
185,92,3,120,70,60,0.35,0.5,0.0,8,-0.00011337868480725623,-5.6689342403628114e-05
186,93,3,0,70,60,0.35,0.5,0.3333333333333333,0,0.0,0.0
187,93,3,120,70,60,0.35,0.5,0.3333333333333333,113,-5.487735429027013e-05,-9.681193634226901e-05
188,94,3,0,70,60,0.35,0.5,0.6666666666666666,0,0.0,0.0
189,94,3,120,70,60,0.35,0.5,0.6666666666666666,389,-0.00019336501723977263,-0.0003367709336398182
190,95,3,0,70,60,0.35,0.5,1.0,0,0.0,0.0
191,95,3,120,70,60,0.35,0.5,1.0,585,-0.00016773832820799552,-5.591277606933184e-05
192,96,4,0,70,60,0.35,0.0,0.0,0,0.0,0.0
193,96,4,120,70,60,0.35,0.0,0.0,916,0.0006802721088435374,0.0
194,97,4,0,70,60,0.35,0.0,0.3333333333333333,0,0.0,0.0
195,97,4,120,70,60,0.35,0.0,0.3333333333333333,694,0.0006046863189720333,0.0
196,98,4,0,70,60,0.35,0.0,0.6666666666666666,0,0.0,0.0
197,98,4,120,70,60,0.35,0.0,0.6666666666666666,568,4.3461829176114884e-05,0.0
198,99,4,0,70,60,0.35,0.0,1.0,0,0.0,0.0
199,99,4,120,70,60,0.35,0.0,1.0,592,-6.523157208088715e-05,0.0
200,101,4,0,70,60,0.35,0.1,0.3333333333333333,0,0.0,0.0
201,101,4,120,70,60,0.35,0.1,0.3333333333333333,553,0.0006634752666498698,-0.0013305169860942856
202,100,4,0,70,60,0.35,0.1,0.0,0,0.0,0.0
203,100,4,120,70,60,0.35,0.1,0.0,521,0.0005353993449231545,-0.0017006802721088435
204,102,4,0,70,60,0.35,0.1,0.6666666666666666,0,0.0,0.0
205,102,4,120,70,60,0.35,0.1,0.6666666666666666,524,-6.830907570198719e-05,-0.0006600813841518343
206,103,4,0,70,60,0.35,0.1,1.0,0,0.0,0.0
207,103,4,120,70,60,0.35,0.1,1.0,596,-0.0001708445935451806,-0.0008852856210977542
208,105,4,0,70,60,0.35,0.2,0.3333333333333333,0,0.0,0.0
209,105,4,120,70,60,0.35,0.2,0.3333333333333333,395,0.0007322373393801965,-0.00023555845473653692
210,104,4,0,70,60,0.35,0.2,0.0,0,0.0,0.0
211,104,4,120,70,60,0.35,0.2,0.0,34,0.0002834467120181406,-0.0012755102040816326
212,107,4,0,70,60,0.35,0.2,1.0,0,0.0,0.0
213,107,4,120,70,60,0.35,0.2,1.0,589,-4.0769732550554466e-05,-0.00032615786040443573
214,106,4,0,70,60,0.35,0.2,0.6666666666666666,0,0.0,0.0
215,106,4,120,70,60,0.35,0.2,0.6666666666666666,477,-8.930512844407169e-05,-0.00015725468269499587
216,108,4,0,70,60,0.35,0.30000000000000004,0.0,0,0.0,0.0
217,108,4,120,70,60,0.35,0.30000000000000004,0.0,22,0.00024295432458697764,-0.00037792894935752074
218,109,4,0,70,60,0.35,0.30000000000000004,0.3333333333333333,0,0.0,0.0
219,109,4,120,70,60,0.35,0.30000000000000004,0.3333333333333333,330,9.178274484396935e-05,-0.00037102613749710945
220,110,4,0,70,60,0.35,0.30000000000000004,0.6666666666666666,0,0.0,0.0
221,110,4,120,70,60,0.35,0.30000000000000004,0.6666666666666666,434,0.0006775726163481265,-0.00029078094961982763
222,111,4,0,70,60,0.35,0.30000000000000004,1.0,0,0.0,0.0
223,111,4,120,70,60,0.35,0.30000000000000004,1.0,596,-0.0001664070716349162,0.001511715797430083
224,112,4,0,70,60,0.35,0.4,0.0,0,0.0,0.0
225,112,4,120,70,60,0.35,0.4,0.0,9,0.0,-0.0002834467120181406
226,113,4,0,70,60,0.35,0.4,0.3333333333333333,0,0.0,0.0
227,113,4,120,70,60,0.35,0.4,0.3333333333333333,182,5.608534636584214e-05,-0.00012166205903974983
228,114,4,0,70,60,0.35,0.4,0.6666666666666666,0,0.0,0.0
229,114,4,120,70,60,0.35,0.4,0.6666666666666666,412,-0.00010915071254275429,-0.0001397819401733296
230,115,4,0,70,60,0.35,0.4,1.0,0,0.0,0.0
231,115,4,120,70,60,0.35,0.4,1.0,600,0.0008314436885865457,0.0007369614512471656
232,116,4,0,70,60,0.35,0.5,0.0,0,0.0,0.0
233,116,4,120,70,60,0.35,0.5,0.0,4,0.0002834467120181406,-0.00011337868480725623
234,117,4,0,70,60,0.35,0.5,0.3333333333333333,0,0.0,0.0
235,117,4,120,70,60,0.35,0.5,0.3333333333333333,86,0.00018140589569160998,-9.008169477836797e-05
236,118,4,0,70,60,0.35,0.5,0.6666666666666666,0,0.0,0.0
237,118,4,120,70,60,0.35,0.5,0.6666666666666666,400,-3.70163286014558e-05,-2.4850122697480818e-05
238,119,4,0,70,60,0.35,0.5,1.0,0,0.0,0.0
239,119,4,120,70,60,0.35,0.5,1.0,588,-0.0001491007361848849,4.5351473922902495e-05
240,120,5,0,70,60,0.35,0.0,0.0,0,0.0,0.0
241,120,5,120,70,60,0.35,0.0,0.0,1046,0.0006802721088435374,0.0
242,121,5,0,70,60,0.35,0.0,0.3333333333333333,0,0.0,0.0
243,121,5,120,70,60,0.35,0.0,0.3333333333333333,651,9.940049078992329e-05,0.0
244,122,5,0,70,60,0.35,0.0,0.6666666666666666,0,0.0,0.0
245,122,5,120,70,60,0.35,0.0,0.6666666666666666,573,-8.542229677259022e-06,0.0
246,123,5,0,70,60,0.35,0.0,1.0,0,0.0,0.0
247,123,5,120,70,60,0.35,0.0,1.0,595,-0.00012114434815021899,0.0
248,125,5,0,70,60,0.35,0.1,0.3333333333333333,0,0.0,0.0
249,125,5,120,70,60,0.35,0.1,0.3333333333333333,526,2.732363028079491e-05,-0.001190735045920956
250,124,5,0,70,60,0.35,0.1,0.0,0,0.0,0.0
251,124,5,120,70,60,0.35,0.1,0.0,314,0.00015747039556563366,-0.0017006802721088435
252,126,5,0,70,60,0.35,0.1,0.6666666666666666,0,0.0,0.0
253,126,5,120,70,60,0.35,0.1,0.6666666666666666,518,0.0006718736877467037,-0.0010600130463144163
254,127,5,0,70,60,0.35,0.1,1.0,0,0.0,0.0
255,127,5,120,70,60,0.35,0.1,1.0,608,-0.00010871928680147858,0.005668934240362812
256,128,5,0,70,60,0.35,0.2,0.0,0,0.0,0.0
257,128,5,120,70,60,0.35,0.2,0.0,44,0.00035430839002267573,-0.0005668934240362812
258,129,5,0,70,60,0.35,0.2,0.3333333333333333,0,0.0,0.0
259,129,5,120,70,60,0.35,0.2,0.3333333333333333,434,-3.882831671481378e-06,-0.0006802721088435375
260,130,5,0,70,60,0.35,0.2,0.6666666666666666,0,0.0,0.0
261,130,5,120,70,60,0.35,0.2,0.6666666666666666,478,-0.00010402753186510523,-0.0004995910083972706
262,131,5,0,70,60,0.35,0.2,1.0,0,0.0,0.0
263,131,5,120,70,60,0.35,0.2,1.0,602,8.503401360544218e-05,0.00034013605442176874
264,133,5,0,70,60,0.35,0.30000000000000004,0.3333333333333333,0,0.0,0.0
265,133,5,120,70,60,0.35,0.30000000000000004,0.3333333333333333,331,-9.318796011555306e-05,6.902811860411339e-05
266,132,5,0,70,60,0.35,0.30000000000000004,0.0,0,0.0,0.0
267,132,5,120,70,60,0.35,0.30000000000000004,0.0,13,8.098477486232588e-05,-0.0005668934240362811
268,134,5,0,70,60,0.35,0.30000000000000004,0.6666666666666666,0,0.0,0.0
269,134,5,120,70,60,0.35,0.30000000000000004,0.6666666666666666,432,0.0009151279559442825,-0.000569913404225211
270,135,5,0,70,60,0.35,0.30000000000000004,1.0,0,0.0,0.0
271,135,5,120,70,60,0.35,0.30000000000000004,1.0,581,9.718172983479106e-05,0.0016628873771730912
272,136,5,0,70,60,0.35,0.4,0.0,0,0.0,0.0
273,136,5,120,70,60,0.35,0.4,0.0,9,9.448223733938019e-05,0.00035430839002267573
274,137,5,0,70,60,0.35,0.4,0.3333333333333333,0,0.0,0.0
275,137,5,120,70,60,0.35,0.4,0.3333333333333333,140,5.824247507222068e-05,-4.206400977438158e-05
276,139,5,0,70,60,0.35,0.4,1.0,0,0.0,0.0
277,139,5,120,70,60,0.35,0.4,1.0,597,-1.553132668592551e-05,-6.98909700866648e-05
278,138,5,0,70,60,0.35,0.4,0.6666666666666666,0,0.0,0.0
279,138,5,120,70,60,0.35,0.4,0.6666666666666666,437,5.263394043563646e-05,-0.0002255278062518767
280,141,5,0,70,60,0.35,0.5,0.3333333333333333,0,0.0,0.0
281,141,5,120,70,60,0.35,0.5,0.3333333333333333,112,2.0190724691703183e-05,0.00013605442176870748
282,140,5,0,70,60,0.35,0.5,0.0,0,0.0,0.0
283,140,5,120,70,60,0.35,0.5,0.0,1,-0.00017006802721088434,0.00022675736961451246
284,142,5,0,70,60,0.35,0.5,0.6666666666666666,0,0.0,0.0
285,142,5,120,70,60,0.35,0.5,0.6666666666666666,395,-0.00017420971432713115,-0.0002487600824195736
286,143,5,0,70,60,0.35,0.5,1.0,0,0.0,0.0
287,143,5,120,70,60,0.35,0.5,1.0,595,0.0006349206349206349,0.0004535147392290249
288,144,6,0,70,60,0.35,0.0,0.0,0,0.0,0.0
289,144,6,120,70,60,0.35,0.0,0.0,1004,0.0006802721088435374,0.0
290,145,6,0,70,60,0.35,0.0,0.3333333333333333,0,0.0,0.0
291,145,6,120,70,60,0.35,0.0,0.3333333333333333,618,0.0006046863189720333,0.0
292,147,6,0,70,60,0.35,0.0,1.0,0,0.0,0.0
293,147,6,120,70,60,0.35,0.0,1.0,613,0.0005215419501133787,0.0
294,146,6,0,70,60,0.35,0.0,0.6666666666666666,0,0.0,0.0
295,146,6,120,70,60,0.35,0.0,0.6666666666666666,564,0.0004497354497354497,0.0
296,148,6,0,70,60,0.35,0.1,0.0,0,0.0,0.0
297,148,6,120,70,60,0.35,0.1,0.0,322,0.0007558578987150416,-0.002834467120181406
298,149,6,0,70,60,0.35,0.1,0.3333333333333333,0,0.0,0.0
299,149,6,120,70,60,0.35,0.1,0.3333333333333333,573,8.312135948578656e-05,-0.0011286097391772537
300,151,6,0,70,60,0.35,0.1,1.0,0,0.0,0.0
301,151,6,120,70,60,0.35,0.1,1.0,596,0.00040312421264802217,-0.00023296990028888267
302,150,6,0,70,60,0.35,0.1,0.6666666666666666,0,0.0,0.0
303,150,6,120,70,60,0.35,0.1,0.6666666666666666,549,-3.077503621100055e-05,-0.0018093995589103223
304,153,6,0,70,60,0.35,0.2,0.3333333333333333,0,0.0,0.0
305,153,6,120,70,60,0.35,0.2,0.3333333333333333,459,6.794955425092423e-06,-0.0007623292848341773
306,152,6,0,70,60,0.35,0.2,0.0,0,0.0,0.0
307,152,6,120,70,60,0.35,0.2,0.0,27,0.00031887755102040814,-0.0012755102040816326
308,155,6,0,70,60,0.35,0.2,1.0,0,0.0,0.0
309,155,6,120,70,60,0.35,0.2,1.0,595,0.0006519274376417234,0.002834467120181406
310,154,6,0,70,60,0.35,0.2,0.6666666666666666,0,0.0,0.0
311,154,6,120,70,60,0.35,0.2,0.6666666666666666,471,-6.503743049731307e-05,-0.0005921318299009102
312,157,6,0,70,60,0.35,0.30000000000000004,0.3333333333333333,0,0.0,0.0
313,157,6,120,70,60,0.35,0.30000000000000004,0.3333333333333333,369,0.0006532771838894288,-0.0005039052658100278
314,156,6,0,70,60,0.35,0.30000000000000004,0.0,0,0.0,0.0
315,156,6,120,70,60,0.35,0.30000000000000004,0.0,15,0.00012147716229348882,0.0
316,159,6,0,70,60,0.35,0.30000000000000004,1.0,0,0.0,0.0
317,159,6,120,70,60,0.35,0.30000000000000004,1.0,588,-9.318796011555306e-05,0.0
318,158,6,0,70,60,0.35,0.30000000000000004,0.6666666666666666,0,0.0,0.0
319,158,6,120,70,60,0.35,0.30000000000000004,0.6666666666666666,460,1.8489674626101968e-07,0.0003212396069538926
320,160,6,0,70,60,0.35,0.4,0.0,0,0.0,0.0
321,160,6,120,70,60,0.35,0.4,0.0,8,0.0,-7.086167800453515e-05
322,161,6,0,70,60,0.35,0.4,0.3333333333333333,0,0.0,0.0
323,161,6,120,70,60,0.35,0.4,0.3333333333333333,139,0.001070798689846309,-0.00017861025688814338
324,162,6,0,70,60,0.35,0.4,0.6666666666666666,0,0.0,0.0
325,162,6,120,70,60,0.35,0.4,0.6666666666666666,376,0.0010361552028218695,-0.0004041380631400201
326,163,6,0,70,60,0.35,0.4,1.0,0,0.0,0.0
327,163,6,120,70,60,0.35,0.4,1.0,594,0.0006424792139077853,0.0010770975056689342
328,164,6,0,70,60,0.35,0.5,0.0,0,0.0,0.0
329,164,6,120,70,60,0.35,0.5,0.0,4,-5.6689342403628114e-05,0.0002834467120181406
330,165,6,0,70,60,0.35,0.5,0.3333333333333333,0,0.0,0.0
331,165,6,120,70,60,0.35,0.5,0.3333333333333333,46,1.9155302912641468e-05,0.00043839758125472413
332,167,6,0,70,60,0.35,0.5,1.0,0,0.0,0.0
333,167,6,120,70,60,0.35,0.5,1.0,585,-7.455036809244245e-05,-0.00024228869630043797
334,166,6,0,70,60,0.35,0.5,0.6666666666666666,0,0.0,0.0
335,166,6,120,70,60,0.35,0.5,0.6666666666666666,406,-0.00014314706095528015,-0.00010613073235382433
336,168,7,0,70,60,0.35,0.0,0.0,0,0.0,0.0
337,168,7,120,70,60,0.35,0.0,0.0,1003,2.8344671201814057e-05,0.0
338,169,7,0,70,60,0.35,0.0,0.3333333333333333,0,0.0,0.0
339,169,7,120,70,60,0.35,0.0,0.3333333333333333,680,0.00012787458971412005,0.0
340,170,7,0,70,60,0.35,0.0,0.6666666666666666,0,0.0,0.0
341,170,7,120,70,60,0.35,0.0,0.6666666666666666,575,8.205717599063982e-05,0.0
342,171,7,0,70,60,0.35,0.0,1.0,0,0.0,0.0
343,171,7,120,70,60,0.35,0.0,1.0,597,-0.0001723977262137732,0.0
344,173,7,0,70,60,0.35,0.1,0.3333333333333333,0,0.0,0.0
345,173,7,120,70,60,0.35,0.1,0.3333333333333333,560,0.0001847652641303435,-0.0004913076341647773
346,172,7,0,70,60,0.35,0.1,0.0,0,0.0,0.0
347,172,7,120,70,60,0.35,0.1,0.0,396,0.0007243638196019149,-0.0008503401360544217
348,175,7,0,70,60,0.35,0.1,1.0,0,0.0,0.0
349,175,7,120,70,60,0.35,0.1,1.0,597,-0.00010354217790617007,-0.0010716615413288602
350,174,7,0,70,60,0.35,0.1,0.6666666666666666,0,0.0,0.0
351,174,7,120,70,60,0.35,0.1,0.6666666666666666,530,-9.261272579385212e-05,-0.0005034738400687522
352,177,7,0,70,60,0.35,0.2,0.3333333333333333,0,0.0,0.0
353,177,7,120,70,60,0.35,0.2,0.3333333333333333,382,0.00011337868480725623,-0.00034298346431418844
354,176,7,0,70,60,0.35,0.2,0.0,0,0.0,0.0
355,176,7,120,70,60,0.35,0.2,0.0,36,0.00017715419501133787,-0.0009920634920634922
356,178,7,0,70,60,0.35,0.2,0.6666666666666666,0,0.0,0.0
357,178,7,120,70,60,0.35,0.2,0.6666666666666666,503,0.0004346182917611489,-0.0009681193634226902
358,179,7,0,70,60,0.35,0.2,1.0,0,0.0,0.0
359,179,7,120,70,60,0.35,0.2,1.0,590,-0.00019802441524555025,0.0014739229024943311
360,181,7,0,70,60,0.35,0.30000000000000004,0.3333333333333333,0,0.0,0.0
361,181,7,120,70,60,0.35,0.30000000000000004,0.3333333333333333,312,-3.771893623724767e-05,-0.000289745527840766
362,180,7,0,70,60,0.35,0.30000000000000004,0.0,0,0.0,0.0
363,180,7,120,70,60,0.35,0.30000000000000004,0.0,12,8.098477486232588e-05,-0.00028344671201814054
364,183,7,0,70,60,0.35,0.30000000000000004,1.0,0,0.0,0.0
365,183,7,120,70,60,0.35,0.30000000000000004,1.0,589,0.0,-0.00012425061348740406
366,182,7,0,70,60,0.35,0.30000000000000004,0.6666666666666666,0,0.0,0.0
367,182,7,120,70,60,0.35,0.30000000000000004,0.6666666666666666,464,0.0007126660187884678,4.314257412757125e-07
368,184,7,0,70,60,0.35,0.4,0.0,0,0.0,0.0
369,184,7,120,70,60,0.35,0.4,0.0,5,0.0001417233560090703,-7.086167800453515e-05
370,185,7,0,70,60,0.35,0.4,0.3333333333333333,0,0.0,0.0
371,185,7,120,70,60,0.35,0.4,0.3333333333333333,120,-0.00022692993991102277,-0.00012878058377079903
372,186,7,0,70,60,0.35,0.4,0.6666666666666666,0,0.0,0.0
373,186,7,120,70,60,0.35,0.4,0.6666666666666666,378,-6.794955425092412e-05,1.4172335600907023e-05
374,187,7,0,70,60,0.35,0.4,1.0,0,0.0,0.0
375,187,7,120,70,60,0.35,0.4,1.0,606,0.00011337868480725624,-0.00046593980057776533
376,188,7,0,70,60,0.35,0.5,0.0,0,0.0,0.0
377,188,7,120,70,60,0.35,0.5,0.0,1,0.0002834467120181406,5.6689342403628114e-05
378,189,7,0,70,60,0.35,0.5,0.3333333333333333,0,0.0,0.0
379,189,7,120,70,60,0.35,0.5,0.3333333333333333,53,0.00016773832820799554,-0.00016359664109174874
380,190,7,0,70,60,0.35,0.5,0.6666666666666666,0,0.0,0.0
381,190,7,120,70,60,0.35,0.5,0.6666666666666666,397,-0.00018068110044626678,-6.833783741807224e-05
382,191,7,0,70,60,0.35,0.5,1.0,0,0.0,0.0
383,191,7,120,70,60,0.35,0.5,1.0,589,-0.00033547665641599103,-0.00022365110427732736
384,193,8,0,70,60,0.35,0.0,0.3333333333333333,0,0.0,0.0
385,193,8,120,70,60,0.35,0.0,0.3333333333333333,702,4.6335124613011136e-05,0.0
386,192,8,0,70,60,0.35,0.0,0.0,0,0.0,0.0
387,192,8,120,70,60,0.35,0.0,0.0,1000,0.0005952380952380953,0.0
388,195,8,0,70,60,0.35,0.0,1.0,0,0.0,0.0
389,195,8,120,70,60,0.35,0.0,1.0,604,0.0004308390022675737,0.0
390,194,8,0,70,60,0.35,0.0,0.6666666666666666,0,0.0,0.0
391,194,8,120,70,60,0.35,0.0,0.6666666666666666,572,9.965934623468884e-06,0.0
392,196,8,0,70,60,0.35,0.1,0.0,0,0.0,0.0
393,196,8,120,70,60,0.35,0.1,0.0,520,0.00012597631645250691,-0.0019841269841269845
394,197,8,0,70,60,0.35,0.1,0.3333333333333333,0,0.0,0.0
395,197,8,120,70,60,0.35,0.1,0.3333333333333333,513,0.0004787100025195263,-0.0010509531057476265
396,199,8,0,70,60,0.35,0.1,1.0,0,0.0,0.0
397,199,8,120,70,60,0.35,0.1,1.0,602,0.0003023431594860166,0.0047619047619047615
398,198,8,0,70,60,0.35,0.1,0.6666666666666666,0,0.0,0.0
399,198,8,120,70,60,0.35,0.1,0.6666666666666666,498,-1.6681795329327396e-05,-0.0011247269075057727
400,201,8,0,70,60,0.35,0.2,0.3333333333333333,0,0.0,0.0
401,201,8,120,70,60,0.35,0.2,0.3333333333333333,470,0.0007275132275132276,1.164849501444418e-05
402,200,8,0,70,60,0.35,0.2,0.0,0,0.0,0.0
403,200,8,120,70,60,0.35,0.2,0.0,30,0.00024801587301587306,-0.0008503401360544217
404,202,8,0,70,60,0.35,0.2,0.6666666666666666,0,0.0,0.0
405,202,8,120,70,60,0.35,0.2,0.6666666666666666,476,0.00034722222222222224,-0.0010134190662566395
406,203,8,0,70,60,0.35,0.2,1.0,0,0.0,0.0
407,203,8,120,70,60,0.35,0.2,1.0,586,-0.00013395769266610753,0.00034013605442176874
408,204,8,0,70,60,0.35,0.30000000000000004,0.0,0,0.0,0.0
409,204,8,120,70,60,0.35,0.30000000000000004,0.0,19,0.00016196954972465177,-0.00037792894935752074
410,205,8,0,70,60,0.35,0.30000000000000004,0.3333333333333333,0,0.0,0.0
411,205,8,120,70,60,0.35,0.30000000000000004,0.3333333333333333,317,0.0001295756397797214,-6.730241563901054e-05
412,207,8,0,70,60,0.35,0.30000000000000004,1.0,0,0.0,0.0
413,207,8,120,70,60,0.35,0.30000000000000004,1.0,600,-8.653167725015642e-05,-0.00012425061348740406
414,206,8,0,70,60,0.35,0.30000000000000004,0.6666666666666666,0,0.0,0.0
415,206,8,120,70,60,0.35,0.30000000000000004,0.6666666666666666,439,-2.200271280506114e-05,-0.0002705039397798693
416,208,8,0,70,60,0.35,0.4,0.0,0,0.0,0.0
417,208,8,120,70,60,0.35,0.4,0.0,8,0.0002834467120181406,0.0001417233560090703
418,209,8,0,70,60,0.35,0.4,0.3333333333333333,0,0.0,0.0
419,209,8,120,70,60,0.35,0.4,0.3333333333333333,129,2.3728415770163978e-05,0.00020786092214663645
420,211,8,0,70,60,0.35,0.4,1.0,0,0.0,0.0
421,211,8,120,70,60,0.35,0.4,1.0,604,0.000944822373393802,-0.00046593980057776533
422,210,8,0,70,60,0.35,0.4,0.6666666666666666,0,0.0,0.0
423,210,8,120,70,60,0.35,0.4,0.6666666666666666,394,0.0007747543461829176,0.00011337868480725623
424,212,8,0,70,60,0.35,0.5,0.0,0,0.0,0.0
425,212,8,120,70,60,0.35,0.5,0.0,8,-0.00022675736961451246,0.0003968253968253968
426,213,8,0,70,60,0.35,0.5,0.3333333333333333,0,0.0,0.0
427,213,8,120,70,60,0.35,0.5,0.3333333333333333,43,6.73024156390106e-06,-0.00013408712038849024
428,215,8,0,70,60,0.35,0.5,1.0,0,0.0,0.0
429,215,8,120,70,60,0.35,0.5,1.0,592,-9.318796011555306e-05,0.0010884353741496598
430,214,8,0,70,60,0.35,0.5,0.6666666666666666,0,0.0,0.0
431,214,8,120,70,60,0.35,0.5,0.6666666666666666,393,-0.00019362387268453802,-0.00016074923119932904
432,216,9,0,70,60,0.35,0.0,0.0,0,0.0,0.0
433,216,9,120,70,60,0.35,0.0,0.0,976,0.00017006802721088434,0.0
434,217,9,0,70,60,0.35,0.0,0.3333333333333333,0,0.0,0.0
435,217,9,120,70,60,0.35,0.0,0.3333333333333333,704,0.0005026455026455027,0.0
436,218,9,0,70,60,0.35,0.0,0.6666666666666666,0,0.0,0.0
437,218,9,120,70,60,0.35,0.0,0.6666666666666666,567,-5.850133051698609e-05,0.0
438,219,9,0,70,60,0.35,0.0,1.0,0,0.0,0.0
439,219,9,120,70,60,0.35,0.0,1.0,603,0.0003401360544217687,0.0
440,221,9,0,70,60,0.35,0.1,0.3333333333333333,0,0.0,0.0
441,221,9,120,70,60,0.35,0.1,0.3333333333333333,563,6.212530674370206e-05,-0.0013201627683036687
442,220,9,0,70,60,0.35,0.1,0.0,0,0.0,0.0
443,220,9,120,70,60,0.35,0.1,0.0,346,6.298815822625346e-05,-0.0019841269841269845
444,222,9,0,70,60,0.35,0.1,0.6666666666666666,0,0.0,0.0
445,222,9,120,70,60,0.35,0.1,0.6666666666666666,505,3.882831671481379e-05,-0.001439236272895764
446,223,9,0,70,60,0.35,0.1,1.0,0,0.0,0.0
447,223,9,120,70,60,0.35,0.1,1.0,602,-0.0002795638803466592,-0.00046593980057776533
448,225,9,0,70,60,0.35,0.2,0.3333333333333333,0,0.0,0.0
449,225,9,120,70,60,0.35,0.2,0.3333333333333333,447,1.2295633626357701e-05,1.889644746787597e-05
450,224,9,0,70,60,0.35,0.2,0.0,0,0.0,0.0
451,224,9,120,70,60,0.35,0.2,0.0,35,7.086167800453515e-05,-0.00042517006802721087
452,226,9,0,70,60,0.35,0.2,0.6666666666666666,0,0.0,0.0
453,226,9,120,70,60,0.35,0.2,0.6666666666666666,482,-7.2803093840275774e-06,-0.0009661779475869496
454,227,9,0,70,60,0.35,0.2,1.0,0,0.0,0.0
455,227,9,120,70,60,0.35,0.2,1.0,586,-0.00018055167272388407,0.002494331065759637
456,229,9,0,70,60,0.35,0.30000000000000004,0.3333333333333333,0,0.0,0.0
457,229,9,120,70,60,0.35,0.30000000000000004,0.3333333333333333,342,-8.875043820528864e-05,-2.5195263290501402e-05
458,228,9,0,70,60,0.35,0.30000000000000004,0.0,0,0.0,0.0
459,228,9,120,70,60,0.35,0.30000000000000004,0.0,20,0.00012147716229348882,0.0
460,230,9,0,70,60,0.35,0.30000000000000004,0.6666666666666666,0,0.0,0.0
461,230,9,120,70,60,0.35,0.30000000000000004,0.6666666666666666,425,0.00012417665478889968,7.377380175814619e-05
462,231,9,0,70,60,0.35,0.30000000000000004,1.0,0,0.0,0.0
463,231,9,120,70,60,0.35,0.30000000000000004,1.0,605,0.0009070294784580499,-0.00029509520703258465
464,232,9,0,70,60,0.35,0.4,0.0,0,0.0,0.0
465,232,9,120,70,60,0.35,0.4,0.0,5,0.0001417233560090703,0.0
466,233,9,0,70,60,0.35,0.4,0.3333333333333333,0,0.0,0.0
467,233,9,120,70,60,0.35,0.4,0.3333333333333333,251,8.197089084238468e-06,-0.00022390995972209284
468,234,9,0,70,60,0.35,0.4,0.6666666666666666,0,0.0,0.0
469,234,9,120,70,60,0.35,0.4,0.6666666666666666,399,-0.00010785643531892716,-0.00017181530146305097
470,235,9,0,70,60,0.35,0.4,1.0,0,0.0,0.0
471,235,9,120,70,60,0.35,0.4,1.0,588,-0.00015531326685925512,0.0013038548752834468
472,236,9,0,70,60,0.35,0.5,0.0,0,0.0,0.0
473,236,9,120,70,60,0.35,0.5,0.0,0,-0.0003401360544217687,-5.6689342403628114e-05
474,237,9,0,70,60,0.35,0.5,0.3333333333333333,0,0.0,0.0
475,237,9,120,70,60,0.35,0.5,0.3333333333333333,142,-9.059940566789881e-05,7.247952453431905e-05
476,238,9,0,70,60,0.35,0.5,0.6666666666666666,0,0.0,0.0
477,238,9,120,70,60,0.35,0.5,0.6666666666666666,349,0.0008843537414965985,-0.0001674794727632301
478,239,9,0,70,60,0.35,0.5,1.0,0,0.0,0.0
479,239,9,120,70,60,0.35,0.5,1.0,610,-0.00020501351225421676,-0.00023296990028888267
